timestamp,equity
2026-03-26 18:13:13,25000.0,25000.0,0.0,0.0
2026-03-26 18:13:19,25000.0,25000.0,0.0,0.0
2026-03-26 18:13:24,25000.0,25000.0,0.0,0.0
2026-03-26 18:13:30,25000.0,25000.0,0.0,0.0
2026-03-26 18:13:51,25000.0,25000.0,0.0,0.0
2026-03-26 18:14:13,25000.0,25000.0,0.0,0.0
2026-03-26 18:14:32,25000.0,25000.0,0.0,0.0
2026-03-26 18:14:53,25000.0,25000.0,0.0,0.0
2026-03-26 18:15:13,25000.0,25000.0,0.0,0.0
2026-03-26 18:15:35,25000.0,25000.0,0.0,0.0
2026-03-26 18:15:54,25000.0,25000.0,0.0,0.0
2026-03-26 18:16:13,25000.0,25000.0,0.0,0.0
2026-03-26 18:16:36,25000.0,25000.0,0.0,0.0
2026-03-26 18:16:55,25000.0,25000.0,0.0,0.0
2026-03-26 18:17:14,25000.0,25000.0,0.0,0.0
2026-03-26 18:17:36,25000.0,25000.0,0.0,0.0
2026-03-26 18:17:55,25000.0,25000.0,0.0,0.0
2026-03-26 18:18:17,25000.0,25000.0,0.0,0.0
2026-03-26 18:18:36,25000.0,25000.0,0.0,0.0
2026-03-26 18:18:57,25000.0,25000.0,0.0,0.0
2026-03-26 18:19:19,25000.0,25000.0,0.0,0.0
2026-03-26 18:19:37,25000.0,25000.0,0.0,0.0
2026-03-26 18:19:58,25000.0,25000.0,0.0,0.0
2026-03-26 18:20:20,25000.0,25000.0,0.0,0.0
2026-03-26 18:20:40,25000.0,25000.0,0.0,0.0
2026-03-26 18:20:58,25000.0,25000.0,0.0,0.0
2026-03-26 18:21:20,25000.0,25000.0,0.0,0.0
2026-03-26 18:21:39,25000.0,25000.0,0.0,0.0
2026-03-26 18:22:00,25000.0,25000.0,0.0,0.0
2026-03-26 18:22:22,25000.0,25000.0,0.0,0.0
2026-03-26 18:22:41,25000.0,25000.0,0.0,0.0
2026-03-26 18:23:02,25000.0,25000.0,0.0,0.0
2026-03-26 18:23:22,25000.0,25000.0,0.0,0.0
2026-03-26 18:23:43,25000.0,25000.0,0.0,0.0
2026-03-26 18:24:05,25117.66,22077.0,3040.66,117.66
2026-03-26 18:24:31,25117.66,22077.0,3040.66,117.66
2026-03-26 18:24:54,25117.66,22077.0,3040.66,117.66
2026-03-26 18:25:16,25000.0,22077.0,2923.0,0.0
2026-03-26 18:25:42,25000.0,22077.0,2923.0,0.0
2026-03-26 18:26:07,25000.0,22077.0,2923.0,0.0
2026-03-26 18:26:31,25000.0,22077.0,2923.0,0.0
2026-03-26 18:26:53,25000.0,22077.0,2923.0,0.0
2026-03-26 18:27:19,25000.0,22077.0,2923.0,0.0
2026-03-26 18:27:41,25000.0,22077.0,2923.0,0.0
2026-03-26 18:28:06,25000.0,22077.0,2923.0,0.0
2026-03-26 18:28:29,25000.0,22077.0,2923.0,0.0
2026-03-26 18:28:54,25000.0,22077.0,2923.0,0.0
2026-03-26 18:29:17,25000.0,22077.0,2923.0,0.0
2026-03-26 18:29:41,25000.0,22077.0,2923.0,0.0
2026-03-26 18:30:07,25000.0,22077.0,2923.0,0.0
2026-03-26 18:30:30,25000.0,22077.0,2923.0,0.0
2026-03-26 18:30:53,25000.0,22077.0,2923.0,0.0
2026-03-26 18:31:19,25000.0,22077.0,2923.0,0.0
2026-03-26 18:31:41,25000.0,22077.0,2923.0,0.0
2026-03-26 18:32:07,25000.0,22077.0,2923.0,0.0
2026-03-26 18:32:29,25000.0,22077.0,2923.0,0.0
2026-03-26 18:32:55,25000.0,22077.0,2923.0,0.0
2026-03-26 18:33:17,25000.0,22077.0,2923.0,0.0
2026-03-26 18:33:43,25000.0,22077.0,2923.0,0.0
2026-03-26 18:34:06,25000.0,22077.0,2923.0,0.0
2026-03-26 18:34:31,25000.0,22077.0,2923.0,0.0
2026-03-26 18:34:54,25000.0,22077.0,2923.0,0.0
2026-03-26 18:35:19,25000.0,22077.0,2923.0,0.0
2026-03-26 18:35:40,25000.0,22077.0,2923.0,0.0
2026-03-26 18:36:06,25000.0,22077.0,2923.0,0.0
2026-03-26 18:36:29,25000.0,22077.0,2923.0,0.0
2026-03-26 18:36:54,25000.0,22077.0,2923.0,0.0
2026-03-26 18:37:17,25000.0,22077.0,2923.0,0.0
2026-03-26 18:37:42,25000.0,22077.0,2923.0,0.0
2026-03-26 18:38:05,25000.0,22077.0,2923.0,0.0
2026-03-26 18:38:31,25000.0,22077.0,2923.0,0.0
2026-03-26 18:38:53,25000.0,22077.0,2923.0,0.0
2026-03-26 18:39:19,25000.0,22077.0,2923.0,0.0
2026-03-26 18:39:42,25000.0,22077.0,2923.0,0.0
2026-03-26 18:40:04,25000.0,22077.0,2923.0,0.0
2026-03-26 18:40:30,25000.0,22077.0,2923.0,0.0
2026-03-26 18:40:53,25000.0,22077.0,2923.0,0.0
2026-03-26 18:41:18,25000.0,22077.0,2923.0,0.0
2026-03-26 18:41:43,25000.0,22077.0,2923.0,0.0
2026-03-26 18:42:05,25000.0,22077.0,2923.0,0.0
2026-03-26 18:42:31,25000.0,22077.0,2923.0,0.0
2026-03-26 18:42:54,25000.0,22077.0,2923.0,0.0
2026-03-26 18:43:19,25000.0,22077.0,2923.0,0.0
2026-03-26 18:43:41,25000.0,22077.0,2923.0,0.0
2026-03-26 18:44:03,25000.0,25000.0,0.0,0.0
2026-03-26 18:44:25,25000.0,25000.0,0.0,0.0
2026-03-26 18:44:44,25000.0,25000.0,0.0,0.0
2026-03-26 18:45:03,25000.0,25000.0,0.0,0.0
2026-03-26 18:45:25,25000.0,25000.0,0.0,0.0
2026-03-26 18:45:46,25000.0,25000.0,0.0,0.0
2026-03-26 18:46:05,25000.0,25000.0,0.0,0.0
2026-03-26 18:46:26,25000.0,25000.0,0.0,0.0
2026-03-26 18:46:48,25000.0,25000.0,0.0,0.0
2026-03-26 18:47:06,25000.0,25000.0,0.0,0.0
2026-03-26 18:47:28,25000.0,25000.0,0.0,0.0
2026-03-26 18:47:49,25000.0,25000.0,0.0,0.0
2026-03-26 18:48:08,25000.0,25000.0,0.0,0.0
2026-03-26 18:48:29,25000.0,25000.0,0.0,0.0
2026-03-26 18:48:48,25000.0,25000.0,0.0,0.0
2026-03-26 18:49:10,25000.0,25000.0,0.0,0.0
2026-03-26 18:49:28,25000.0,25000.0,0.0,0.0
2026-03-26 18:49:50,25000.0,25000.0,0.0,0.0
2026-03-26 18:50:11,25000.0,25000.0,0.0,0.0
2026-03-26 18:50:32,25000.0,25000.0,0.0,0.0
2026-03-26 18:50:51,25000.0,25000.0,0.0,0.0
2026-03-26 18:51:12,25000.0,25000.0,0.0,0.0
2026-03-26 18:51:31,25000.0,25000.0,0.0,0.0
2026-03-26 18:51:53,25000.0,25000.0,0.0,0.0
2026-03-26 18:52:14,25000.0,25000.0,0.0,0.0
2026-03-26 18:52:33,25000.0,25000.0,0.0,0.0
2026-03-26 18:52:54,25000.0,25000.0,0.0,0.0
2026-03-26 18:53:15,25000.0,25000.0,0.0,0.0
2026-03-26 18:53:34,25000.0,25000.0,0.0,0.0
2026-03-26 18:53:56,25000.0,25000.0,0.0,0.0
2026-03-26 18:54:15,25000.0,25000.0,0.0,0.0
2026-03-26 18:54:36,25000.0,25000.0,0.0,0.0
2026-03-26 18:54:55,25000.0,25000.0,0.0,0.0
2026-03-26 18:55:17,25000.0,25000.0,0.0,0.0
2026-03-26 18:55:36,25000.0,25000.0,0.0,0.0
2026-03-26 18:55:58,25000.0,25000.0,0.0,0.0
2026-03-26 18:56:17,25000.0,25000.0,0.0,0.0
2026-03-26 18:56:39,25000.0,25000.0,0.0,0.0
2026-03-26 18:56:58,25000.0,25000.0,0.0,0.0
2026-03-26 18:57:20,25000.0,25000.0,0.0,0.0
2026-03-26 18:57:38,25000.0,25000.0,0.0,0.0
2026-03-26 18:57:59,25000.0,25000.0,0.0,0.0
2026-03-26 18:58:21,25000.0,25000.0,0.0,0.0
2026-03-26 18:58:40,25000.0,25000.0,0.0,0.0
2026-03-26 18:59:02,25000.0,25000.0,0.0,0.0
2026-03-26 18:59:21,25000.0,25000.0,0.0,0.0
2026-03-26 18:59:43,25000.0,25000.0,0.0,0.0
2026-03-26 19:00:01,25000.0,25000.0,0.0,0.0
2026-03-26 19:00:23,25000.0,25000.0,0.0,0.0
2026-03-26 19:00:41,25000.0,25000.0,0.0,0.0
2026-03-26 19:01:04,25000.0,25000.0,0.0,0.0
2026-03-26 19:01:22,25000.0,25000.0,0.0,0.0
2026-03-26 19:01:45,25000.0,25000.0,0.0,0.0
2026-03-26 19:02:03,25000.0,25000.0,0.0,0.0
2026-03-26 19:02:25,25000.0,25000.0,0.0,0.0
2026-03-26 19:02:45,25000.0,25000.0,0.0,0.0
2026-03-26 19:03:06,25000.0,25000.0,0.0,0.0
2026-03-26 19:03:28,25000.0,25000.0,0.0,0.0
2026-03-26 19:03:46,25000.0,25000.0,0.0,0.0
2026-03-26 19:04:08,25000.0,25000.0,0.0,0.0
2026-03-26 19:04:26,25000.0,25000.0,0.0,0.0
2026-03-26 19:04:48,25000.0,25000.0,0.0,0.0
2026-03-26 19:05:07,25000.0,25000.0,0.0,0.0
2026-03-26 19:05:28,25000.0,25000.0,0.0,0.0
2026-03-26 19:05:50,25000.0,25000.0,0.0,0.0
2026-03-26 19:06:09,25000.0,25000.0,0.0,0.0
2026-03-26 19:06:31,25000.0,25000.0,0.0,0.0
2026-03-26 19:06:50,25000.0,25000.0,0.0,0.0
2026-03-26 19:07:09,25000.0,25000.0,0.0,0.0
2026-03-26 19:07:32,25000.0,25000.0,0.0,0.0
2026-03-26 19:07:51,25000.0,25000.0,0.0,0.0
2026-03-26 19:08:11,25000.0,25000.0,0.0,0.0
2026-03-26 19:08:33,25000.0,25000.0,0.0,0.0
2026-03-26 19:08:52,25000.0,25000.0,0.0,0.0
2026-03-26 19:09:12,25000.0,25000.0,0.0,0.0
2026-03-26 19:09:33,25000.0,25000.0,0.0,0.0
2026-03-26 19:09:53,25000.0,25000.0,0.0,0.0
2026-03-26 19:10:15,25000.0,25000.0,0.0,0.0
2026-03-26 19:10:36,25000.0,25000.0,0.0,0.0
2026-03-26 19:10:55,25000.0,25000.0,0.0,0.0
2026-03-26 19:11:14,25000.0,25000.0,0.0,0.0
2026-03-26 19:11:36,25000.0,25000.0,0.0,0.0
2026-03-26 19:11:55,25000.0,25000.0,0.0,0.0
2026-03-26 19:12:18,25000.0,25000.0,0.0,0.0
2026-03-26 19:12:36,25000.0,25000.0,0.0,0.0
2026-03-26 19:12:59,25000.0,25000.0,0.0,0.0
2026-03-26 19:13:18,25000.0,25000.0,0.0,0.0
2026-03-26 19:13:38,25000.0,25000.0,0.0,0.0
2026-03-26 19:14:00,25000.0,25000.0,0.0,0.0
2026-03-26 19:14:19,25000.0,25000.0,0.0,0.0
2026-03-26 19:14:40,25000.0,25000.0,0.0,0.0
2026-03-26 19:15:01,25000.0,25000.0,0.0,0.0
2026-03-26 19:15:19,25000.0,25000.0,0.0,0.0
2026-03-26 19:15:40,25000.0,25000.0,0.0,0.0
2026-03-26 19:16:01,25000.0,25000.0,0.0,0.0
2026-03-26 19:16:22,25000.0,25000.0,0.0,0.0
2026-03-26 19:16:41,25000.0,25000.0,0.0,0.0
2026-03-26 19:17:01,25000.0,25000.0,0.0,0.0
2026-03-26 19:17:23,25000.0,25000.0,0.0,0.0
2026-03-26 19:17:43,25000.0,25000.0,0.0,0.0
2026-03-26 19:18:03,25000.0,25000.0,0.0,0.0
2026-03-26 19:18:25,25000.0,25000.0,0.0,0.0
2026-03-26 19:18:44,25000.0,25000.0,0.0,0.0
2026-03-26 19:19:05,25000.0,25000.0,0.0,0.0
2026-03-26 19:19:25,25000.0,25000.0,0.0,0.0
2026-03-26 19:19:46,25000.0,25000.0,0.0,0.0
2026-03-26 19:20:04,25000.0,25000.0,0.0,0.0
2026-03-26 19:20:26,25000.0,25000.0,0.0,0.0
2026-03-26 19:20:46,25000.0,25000.0,0.0,0.0
2026-03-26 19:21:07,25000.0,25000.0,0.0,0.0
2026-03-26 19:21:26,25000.0,25000.0,0.0,0.0
2026-03-26 19:21:49,25000.0,25000.0,0.0,0.0
2026-03-26 19:22:08,25000.0,25000.0,0.0,0.0
2026-03-26 19:22:30,25000.0,25000.0,0.0,0.0
2026-03-26 19:22:49,25000.0,25000.0,0.0,0.0
2026-03-26 19:23:09,25000.0,25000.0,0.0,0.0
2026-03-26 19:23:28,25000.0,25000.0,0.0,0.0
2026-03-26 19:23:50,25000.0,25000.0,0.0,0.0
2026-03-26 19:24:10,25000.0,25000.0,0.0,0.0
2026-03-26 19:24:32,25000.0,25000.0,0.0,0.0
2026-03-26 19:24:51,25000.0,25000.0,0.0,0.0
2026-03-26 19:25:13,25000.0,25000.0,0.0,0.0
2026-03-26 19:25:33,25000.0,25000.0,0.0,0.0
2026-03-26 19:25:51,25000.0,25000.0,0.0,0.0
2026-03-26 19:26:13,25000.0,25000.0,0.0,0.0
2026-03-26 19:26:32,25000.0,25000.0,0.0,0.0
2026-03-26 19:26:54,25000.0,25000.0,0.0,0.0
2026-03-26 19:27:13,25000.0,25000.0,0.0,0.0
2026-03-26 19:27:35,25000.0,25000.0,0.0,0.0
2026-03-26 19:27:54,25000.0,25000.0,0.0,0.0
2026-03-26 19:28:15,25000.0,25000.0,0.0,0.0
2026-03-26 19:28:37,25000.0,25000.0,0.0,0.0
2026-03-26 19:28:56,25000.0,25000.0,0.0,0.0
2026-03-26 19:29:17,25000.0,25000.0,0.0,0.0
2026-03-26 19:29:36,25000.0,25000.0,0.0,0.0
2026-03-26 19:29:58,25000.0,25000.0,0.0,0.0
2026-03-26 19:30:17,25000.0,25000.0,0.0,0.0
2026-03-26 19:30:37,25000.0,25000.0,0.0,0.0
2026-03-26 19:30:59,25000.0,25000.0,0.0,0.0
2026-03-26 19:31:18,25000.0,25000.0,0.0,0.0
2026-03-26 19:31:40,25000.0,25000.0,0.0,0.0
2026-03-26 19:31:59,25000.0,25000.0,0.0,0.0
2026-03-26 19:32:22,25000.0,25000.0,0.0,0.0
2026-03-26 19:32:41,25000.0,25000.0,0.0,0.0
2026-03-26 19:33:02,25000.0,25000.0,0.0,0.0
2026-03-26 19:33:21,25000.0,25000.0,0.0,0.0
2026-03-26 19:33:41,25000.0,25000.0,0.0,0.0
2026-03-26 19:34:02,25000.0,25000.0,0.0,0.0
2026-03-26 19:34:22,25000.0,25000.0,0.0,0.0
2026-03-26 19:34:42,25000.0,25000.0,0.0,0.0
2026-03-26 19:35:04,25000.0,25000.0,0.0,0.0
2026-03-26 19:35:24,25000.0,25000.0,0.0,0.0
2026-03-26 19:35:44,25000.0,25000.0,0.0,0.0
2026-03-26 19:36:04,25000.0,25000.0,0.0,0.0
2026-03-26 19:36:26,25000.0,25000.0,0.0,0.0
2026-03-26 19:36:47,25000.0,25000.0,0.0,0.0
2026-03-26 19:37:07,25000.0,25000.0,0.0,0.0
2026-03-26 19:37:26,25000.0,25000.0,0.0,0.0
2026-03-26 19:37:46,25000.0,25000.0,0.0,0.0
2026-03-26 19:38:07,25000.0,25000.0,0.0,0.0
2026-03-26 19:38:27,25000.0,25000.0,0.0,0.0
2026-03-26 19:38:47,25000.0,25000.0,0.0,0.0
2026-03-26 19:39:10,25000.0,25000.0,0.0,0.0
2026-03-26 19:39:29,25000.0,25000.0,0.0,0.0
2026-03-26 19:39:48,25000.0,25000.0,0.0,0.0
2026-03-26 19:40:09,25000.0,25000.0,0.0,0.0
2026-03-26 19:40:30,25000.0,25000.0,0.0,0.0
2026-03-26 19:40:50,25000.0,25000.0,0.0,0.0
2026-03-26 19:41:10,25000.0,25000.0,0.0,0.0
2026-03-26 19:41:30,25000.0,25000.0,0.0,0.0
2026-03-26 19:41:52,25000.0,25000.0,0.0,0.0
2026-03-26 19:42:11,25000.0,25000.0,0.0,0.0
2026-03-26 19:42:33,25000.0,25000.0,0.0,0.0
2026-03-26 19:42:53,25000.0,25000.0,0.0,0.0
2026-03-26 19:43:12,25000.0,25000.0,0.0,0.0
2026-03-26 19:43:33,25000.0,25000.0,0.0,0.0
2026-03-26 19:43:53,25000.0,25000.0,0.0,0.0
2026-03-26 19:44:13,25000.0,25000.0,0.0,0.0
2026-03-26 19:44:35,25000.0,25000.0,0.0,0.0
2026-03-26 19:44:55,25000.0,25000.0,0.0,0.0
2026-03-26 19:45:15,25000.0,25000.0,0.0,0.0
2026-03-26 19:45:34,25000.0,25000.0,0.0,0.0
2026-03-26 19:45:55,25000.0,25000.0,0.0,0.0
2026-03-26 19:46:15,25000.0,25000.0,0.0,0.0
2026-03-26 19:46:37,25000.0,25000.0,0.0,0.0
2026-03-26 19:46:56,25000.0,25000.0,0.0,0.0
2026-03-26 19:47:17,25000.0,25000.0,0.0,0.0
2026-03-26 19:47:39,25000.0,25000.0,0.0,0.0
2026-03-26 19:47:59,25000.0,25000.0,0.0,0.0
2026-03-26 19:48:18,25000.0,25000.0,0.0,0.0
2026-03-26 19:48:38,25000.0,25000.0,0.0,0.0
2026-03-26 19:49:00,25000.0,25000.0,0.0,0.0
2026-03-26 19:49:19,25000.0,25000.0,0.0,0.0
2026-03-26 19:49:41,25000.0,25000.0,0.0,0.0
2026-03-26 19:50:02,25000.0,25000.0,0.0,0.0
2026-03-26 19:50:22,25000.0,25000.0,0.0,0.0
2026-03-26 19:50:40,25000.0,25000.0,0.0,0.0
2026-03-26 19:51:03,25000.0,25000.0,0.0,0.0
2026-03-26 19:51:29,25000.0,25000.0,0.0,0.0
2026-03-26 19:51:50,25000.0,25000.0,0.0,0.0
2026-03-26 19:52:03,25000.0,25000.0,0.0,0.0
2026-03-26 19:52:23,25000.0,25000.0,0.0,0.0
2026-03-26 19:52:43,25000.0,25000.0,0.0,0.0
2026-03-26 19:53:04,25000.0,25000.0,0.0,0.0
2026-03-26 19:53:24,25000.0,25000.0,0.0,0.0
2026-03-26 19:53:46,25000.0,25000.0,0.0,0.0
2026-03-26 19:54:05,25000.0,25000.0,0.0,0.0
2026-03-26 19:54:26,25000.0,25000.0,0.0,0.0
2026-03-26 19:54:48,25000.0,25000.0,0.0,0.0
2026-03-26 19:55:07,25000.0,25000.0,0.0,0.0
2026-03-26 19:55:26,25000.0,25000.0,0.0,0.0
2026-03-26 19:55:48,25000.0,25000.0,0.0,0.0
2026-03-26 19:56:07,25000.0,25000.0,0.0,0.0
2026-03-26 19:56:28,25000.0,25000.0,0.0,0.0
2026-03-26 19:56:48,25000.0,25000.0,0.0,0.0
2026-03-26 19:57:10,25000.0,25000.0,0.0,0.0
2026-03-26 19:57:29,25000.0,25000.0,0.0,0.0
2026-03-26 19:57:51,25000.0,25000.0,0.0,0.0
2026-03-26 19:58:10,25000.0,25000.0,0.0,0.0
2026-03-26 19:58:31,25000.0,25000.0,0.0,0.0
2026-03-26 19:58:53,25000.0,25000.0,0.0,0.0
2026-03-26 19:59:11,25000.0,25000.0,0.0,0.0
2026-03-26 19:59:31,25000.0,25000.0,0.0,0.0
2026-03-26 19:59:53,25000.0,25000.0,0.0,0.0
2026-03-26 20:00:12,25000.0,25000.0,0.0,0.0
2026-03-26 20:00:34,25000.0,25000.0,0.0,0.0
2026-03-26 20:00:53,25000.0,25000.0,0.0,0.0
2026-03-26 20:01:13,25000.0,25000.0,0.0,0.0
2026-03-26 20:01:36,25000.0,25000.0,0.0,0.0
2026-03-26 20:01:55,25000.0,25000.0,0.0,0.0
2026-03-26 20:02:14,25000.0,25000.0,0.0,0.0
2026-03-26 20:02:36,25000.0,25000.0,0.0,0.0
2026-03-26 20:02:58,25000.0,25000.0,0.0,0.0
2026-03-26 20:03:17,25000.0,25000.0,0.0,0.0
2026-03-26 20:03:37,25000.0,25000.0,0.0,0.0
2026-03-26 20:03:59,25000.0,25000.0,0.0,0.0
2026-03-26 20:04:17,25000.0,25000.0,0.0,0.0
2026-03-26 20:04:37,25000.0,25000.0,0.0,0.0
2026-03-26 20:04:59,25000.0,25000.0,0.0,0.0
2026-03-26 20:05:20,25000.0,25000.0,0.0,0.0
2026-03-26 20:05:40,25000.0,25000.0,0.0,0.0
2026-03-26 20:06:00,25000.0,25000.0,0.0,0.0
2026-03-26 20:06:22,25000.0,25000.0,0.0,0.0
2026-03-26 20:06:41,25000.0,25000.0,0.0,0.0
2026-03-26 20:07:00,25000.0,25000.0,0.0,0.0
2026-03-26 20:07:23,25000.0,25000.0,0.0,0.0
2026-03-26 20:07:42,25000.0,25000.0,0.0,0.0
2026-03-26 20:08:04,25000.0,25000.0,0.0,0.0
2026-03-26 20:08:23,25000.0,25000.0,0.0,0.0
2026-03-26 20:08:42,25000.0,25000.0,0.0,0.0
2026-03-26 20:09:04,25000.0,25000.0,0.0,0.0
2026-03-26 20:09:23,25000.0,25000.0,0.0,0.0
2026-03-26 20:09:45,25000.0,25000.0,0.0,0.0
2026-03-26 20:10:04,25000.0,25000.0,0.0,0.0
2026-03-26 20:10:24,25000.0,25000.0,0.0,0.0
2026-03-26 20:10:46,25000.0,25000.0,0.0,0.0
2026-03-26 20:11:05,25000.0,25000.0,0.0,0.0
2026-03-26 20:11:27,25000.0,25000.0,0.0,0.0
2026-03-26 20:11:46,25000.0,25000.0,0.0,0.0
2026-03-26 20:12:08,25000.0,25000.0,0.0,0.0
2026-03-26 20:12:26,25000.0,25000.0,0.0,0.0
2026-03-26 20:12:46,25000.0,25000.0,0.0,0.0
2026-03-26 20:13:09,25000.0,25000.0,0.0,0.0
2026-03-26 20:13:28,25000.0,25000.0,0.0,0.0
2026-03-26 20:13:50,25000.0,25000.0,0.0,0.0
2026-03-26 20:14:10,25000.0,25000.0,0.0,0.0
2026-03-26 20:14:31,25000.0,25000.0,0.0,0.0
2026-03-26 20:14:50,25000.0,25000.0,0.0,0.0
2026-03-26 20:15:11,25000.0,25000.0,0.0,0.0
2026-03-26 20:15:30,25000.0,25000.0,0.0,0.0
2026-03-26 20:15:52,25000.0,25000.0,0.0,0.0
2026-03-26 20:16:13,25000.0,25000.0,0.0,0.0
2026-03-26 20:16:32,25000.0,25000.0,0.0,0.0
2026-03-26 20:16:53,25000.0,25000.0,0.0,0.0
2026-03-26 20:17:12,25000.0,25000.0,0.0,0.0
2026-03-26 20:17:33,25000.0,25000.0,0.0,0.0
2026-03-26 20:17:55,25000.0,25000.0,0.0,0.0
2026-03-26 20:18:14,25000.0,25000.0,0.0,0.0
2026-03-26 20:18:35,25000.0,25000.0,0.0,0.0
2026-03-26 20:18:54,25000.0,25000.0,0.0,0.0
2026-03-26 20:19:16,25000.0,25000.0,0.0,0.0
2026-03-26 20:19:37,25000.0,25000.0,0.0,0.0
2026-03-26 20:19:55,25000.0,25000.0,0.0,0.0
2026-03-26 20:20:17,25000.0,25000.0,0.0,0.0
2026-03-26 20:20:38,25000.0,25000.0,0.0,0.0
2026-03-26 20:20:57,25000.0,25000.0,0.0,0.0
2026-03-26 20:21:19,25000.0,25000.0,0.0,0.0
2026-03-26 20:21:38,25000.0,25000.0,0.0,0.0
2026-03-26 20:22:06,25000.0,25000.0,0.0,0.0
2026-03-26 20:22:20,25000.0,25000.0,0.0,0.0
2026-03-26 20:22:39,25000.0,25000.0,0.0,0.0
2026-03-26 20:23:00,25000.0,25000.0,0.0,0.0
2026-03-26 20:23:19,25000.0,25000.0,0.0,0.0
2026-03-26 20:23:41,25000.0,25000.0,0.0,0.0
2026-03-26 20:24:00,25000.0,25000.0,0.0,0.0
2026-03-26 20:24:21,25000.0,25000.0,0.0,0.0
2026-03-26 20:24:41,25000.0,25000.0,0.0,0.0
2026-03-26 20:25:02,25000.0,25000.0,0.0,0.0
2026-03-26 20:25:23,25000.0,25000.0,0.0,0.0
2026-03-26 20:25:44,25000.0,25000.0,0.0,0.0
2026-03-26 20:26:03,25000.0,25000.0,0.0,0.0
2026-03-26 20:26:03,25000.0,25000.0,0.0,0.0
2026-03-26 20:26:03,25000.0,25000.0,0.0,0.0
2026-03-26 20:26:03,25000.0,25000.0,0.0,0.0
2026-03-26 20:26:03,25000.0,25000.0,0.0,0.0
2026-03-26 20:26:03,25000.0,25000.0,0.0,0.0
2026-03-26 20:26:03,25000.0,25000.0,0.0,0.0
2026-03-26 20:34:21,25000.0,25000.0,0.0,0.0
2026-03-26 20:34:27,25000.0,25000.0,0.0,0.0
2026-03-26 20:34:32,25000.0,25000.0,0.0,0.0
2026-03-26 20:34:38,25000.0,25000.0,0.0,0.0
2026-03-26 20:34:59,25000.0,25000.0,0.0,0.0
2026-03-26 20:35:20,25000.0,25000.0,0.0,0.0
2026-03-26 20:35:41,25000.0,25000.0,0.0,0.0
2026-03-26 20:36:02,25000.0,25000.0,0.0,0.0
2026-03-26 20:36:21,25000.0,25000.0,0.0,0.0
2026-03-26 20:36:43,25000.0,25000.0,0.0,0.0
2026-03-26 20:37:03,25000.0,25000.0,0.0,0.0
2026-03-26 20:37:24,25000.0,25000.0,0.0,0.0
2026-03-26 20:37:43,25000.0,25000.0,0.0,0.0
2026-03-26 20:38:04,25000.0,25000.0,0.0,0.0
2026-03-26 20:38:23,25000.0,25000.0,0.0,0.0
2026-03-26 20:38:45,25000.0,25000.0,0.0,0.0
2026-03-26 20:39:04,25000.0,25000.0,0.0,0.0
2026-03-26 20:39:25,25000.0,25000.0,0.0,0.0
2026-03-26 20:39:44,25000.0,25000.0,0.0,0.0
2026-03-26 20:40:06,25000.0,25000.0,0.0,0.0
2026-03-26 20:40:25,25000.0,25000.0,0.0,0.0
2026-03-26 20:40:48,25000.0,25000.0,0.0,0.0
2026-03-26 20:41:07,25000.0,25000.0,0.0,0.0
2026-03-26 20:41:28,25000.0,25000.0,0.0,0.0
2026-03-26 20:41:46,25000.0,25000.0,0.0,0.0
2026-03-26 20:42:08,25000.0,25000.0,0.0,0.0
2026-03-26 20:42:30,25000.0,25000.0,0.0,0.0
2026-03-26 20:42:48,25000.0,25000.0,0.0,0.0
2026-03-26 20:43:10,25000.0,25000.0,0.0,0.0
2026-03-26 20:43:29,25000.0,25000.0,0.0,0.0
2026-03-26 20:43:50,25000.0,25000.0,0.0,0.0
2026-03-26 20:44:12,25000.0,25000.0,0.0,0.0
2026-03-26 20:44:30,25000.0,25000.0,0.0,0.0
2026-03-26 20:44:51,25000.0,25000.0,0.0,0.0
2026-03-26 20:45:13,25000.0,25000.0,0.0,0.0
2026-03-26 20:45:31,25000.0,25000.0,0.0,0.0
2026-03-26 20:45:52,25000.0,25000.0,0.0,0.0
2026-03-26 20:46:14,25000.0,25000.0,0.0,0.0
2026-03-26 20:46:33,25000.0,25000.0,0.0,0.0
2026-03-26 20:46:54,25000.0,25000.0,0.0,0.0
2026-03-26 20:47:13,25000.0,25000.0,0.0,0.0
2026-03-26 20:47:34,25000.0,25000.0,0.0,0.0
2026-03-26 20:47:55,25000.0,25000.0,0.0,0.0
2026-03-26 20:48:17,25000.0,25000.0,0.0,0.0
2026-03-26 20:48:35,25000.0,25000.0,0.0,0.0
2026-03-26 20:48:57,25000.0,25000.0,0.0,0.0
2026-03-26 20:49:15,25000.0,25000.0,0.0,0.0
2026-03-26 20:49:37,25000.0,25000.0,0.0,0.0
2026-03-26 20:49:58,25000.0,25000.0,0.0,0.0
2026-03-26 20:50:17,25000.0,25000.0,0.0,0.0
2026-03-26 20:50:39,25000.0,25000.0,0.0,0.0
2026-03-26 20:50:58,25000.0,25000.0,0.0,0.0
2026-03-26 20:51:19,25000.0,25000.0,0.0,0.0
2026-03-26 20:51:41,25000.0,25000.0,0.0,0.0
2026-03-26 20:52:00,25000.0,25000.0,0.0,0.0
2026-03-26 20:52:19,25000.0,25000.0,0.0,0.0
2026-03-26 20:52:40,25000.0,25000.0,0.0,0.0
2026-03-26 20:53:00,25000.0,25000.0,0.0,0.0
2026-03-26 20:53:22,25000.0,25000.0,0.0,0.0
2026-03-26 20:53:41,25000.0,25000.0,0.0,0.0
2026-03-26 20:54:04,25000.0,25000.0,0.0,0.0
2026-03-26 20:54:22,25000.0,25000.0,0.0,0.0
2026-03-26 20:54:44,25000.0,25000.0,0.0,0.0
2026-03-26 20:55:02,25000.0,25000.0,0.0,0.0
2026-03-26 20:55:24,25000.0,25000.0,0.0,0.0
2026-03-26 20:55:45,25000.0,25000.0,0.0,0.0
2026-03-26 20:56:03,25000.0,25000.0,0.0,0.0
2026-03-26 20:56:25,25000.0,25000.0,0.0,0.0
2026-03-26 20:56:47,25000.0,25000.0,0.0,0.0
2026-03-26 20:57:07,25000.0,25000.0,0.0,0.0
2026-03-26 20:57:26,25000.0,25000.0,0.0,0.0
2026-03-26 20:57:47,25000.0,25000.0,0.0,0.0
2026-03-26 20:58:07,25000.0,25000.0,0.0,0.0
2026-03-26 20:58:29,25000.0,25000.0,0.0,0.0
2026-03-26 20:58:48,25000.0,25000.0,0.0,0.0
2026-03-26 20:59:08,25000.0,25000.0,0.0,0.0
2026-03-26 20:59:27,25000.0,25000.0,0.0,0.0
2026-03-26 20:59:49,25000.0,25000.0,0.0,0.0
2026-03-26 21:00:09,25000.0,25000.0,0.0,0.0
2026-03-26 21:00:29,25000.0,25000.0,0.0,0.0
2026-03-26 21:00:51,25000.0,25000.0,0.0,0.0
2026-03-26 21:01:11,25000.0,25000.0,0.0,0.0
2026-03-26 21:01:30,25000.0,25000.0,0.0,0.0
2026-03-26 21:01:52,25000.0,25000.0,0.0,0.0
2026-03-26 21:02:12,25000.0,25000.0,0.0,0.0
2026-03-26 21:02:31,25000.0,25000.0,0.0,0.0
2026-03-26 21:02:53,25000.0,25000.0,0.0,0.0
2026-03-26 21:03:13,25000.0,25000.0,0.0,0.0
2026-03-26 21:03:33,25000.0,25000.0,0.0,0.0
2026-03-26 21:03:52,25000.0,25000.0,0.0,0.0
2026-03-26 21:04:15,25000.0,25000.0,0.0,0.0
2026-03-26 21:04:33,25000.0,25000.0,0.0,0.0
2026-03-26 21:04:55,25000.0,25000.0,0.0,0.0
2026-03-26 21:05:14,25000.0,25000.0,0.0,0.0
2026-03-26 21:05:37,25000.0,25000.0,0.0,0.0
2026-03-26 21:05:55,25000.0,25000.0,0.0,0.0
2026-03-26 21:06:18,25000.0,25000.0,0.0,0.0
2026-03-26 21:06:37,25000.0,25000.0,0.0,0.0
2026-03-26 21:06:59,25000.0,25000.0,0.0,0.0
2026-03-26 21:07:18,25000.0,25000.0,0.0,0.0
2026-03-26 21:07:39,25000.0,25000.0,0.0,0.0
2026-03-26 21:07:58,25000.0,25000.0,0.0,0.0
2026-03-26 21:08:19,25000.0,25000.0,0.0,0.0
2026-03-26 21:08:40,25000.0,25000.0,0.0,0.0
2026-03-26 21:09:00,25000.0,25000.0,0.0,0.0
2026-03-26 21:09:21,25000.0,25000.0,0.0,0.0
2026-03-26 21:09:41,25000.0,25000.0,0.0,0.0
2026-03-26 21:10:00,25000.0,25000.0,0.0,0.0
2026-03-26 21:10:22,25000.0,25000.0,0.0,0.0
2026-03-26 21:10:41,25000.0,25000.0,0.0,0.0
2026-03-26 21:11:02,25000.0,25000.0,0.0,0.0
2026-03-26 21:11:24,25000.0,25000.0,0.0,0.0
2026-03-26 21:11:43,25000.0,25000.0,0.0,0.0
2026-03-26 21:12:02,25000.0,25000.0,0.0,0.0
2026-03-26 21:12:24,25000.0,25000.0,0.0,0.0
2026-03-26 21:12:46,25000.0,25000.0,0.0,0.0
2026-03-26 21:13:06,25000.0,25000.0,0.0,0.0
2026-03-26 21:13:25,25000.0,25000.0,0.0,0.0
2026-03-26 21:13:46,25000.0,25000.0,0.0,0.0
2026-03-26 21:14:05,25000.0,25000.0,0.0,0.0
2026-03-26 21:14:27,25000.0,25000.0,0.0,0.0
2026-03-26 21:14:48,25000.0,25000.0,0.0,0.0
2026-03-26 21:15:07,25000.0,25000.0,0.0,0.0
2026-03-26 21:15:27,25000.0,25000.0,0.0,0.0
2026-03-26 21:15:49,25000.0,25000.0,0.0,0.0
2026-03-26 21:16:09,25000.0,25000.0,0.0,0.0
2026-03-26 21:16:29,25000.0,25000.0,0.0,0.0
2026-03-26 21:16:48,25000.0,25000.0,0.0,0.0
2026-03-26 21:17:09,25000.0,25000.0,0.0,0.0
2026-03-26 21:17:29,25000.0,25000.0,0.0,0.0
2026-03-26 21:17:52,25000.0,25000.0,0.0,0.0
2026-03-26 21:18:09,25000.0,25000.0,0.0,0.0
2026-03-26 21:18:33,25000.0,25000.0,0.0,0.0
2026-03-26 21:18:53,25000.0,25000.0,0.0,0.0
2026-03-26 21:19:12,25000.0,25000.0,0.0,0.0
2026-03-26 21:19:31,25000.0,25000.0,0.0,0.0
2026-03-26 21:19:54,25000.0,25000.0,0.0,0.0
2026-03-26 21:20:12,25000.0,25000.0,0.0,0.0
2026-03-26 21:20:35,25000.0,25000.0,0.0,0.0
2026-03-26 21:20:54,25000.0,25000.0,0.0,0.0
2026-03-26 21:21:16,25000.0,25000.0,0.0,0.0
2026-03-26 21:21:35,25000.0,25000.0,0.0,0.0
2026-03-26 21:21:54,25000.0,25000.0,0.0,0.0
2026-03-26 21:22:16,25000.0,25000.0,0.0,0.0
2026-03-26 21:22:36,25000.0,25000.0,0.0,0.0
2026-03-26 21:22:56,25000.0,25000.0,0.0,0.0
2026-03-26 21:23:15,25000.0,25000.0,0.0,0.0
2026-03-26 21:23:37,25000.0,25000.0,0.0,0.0
2026-03-26 21:23:57,25000.0,25000.0,0.0,0.0
2026-03-26 21:24:18,25000.0,25000.0,0.0,0.0
2026-03-26 21:24:39,25000.0,25000.0,0.0,0.0
2026-03-26 21:25:00,25000.0,25000.0,0.0,0.0
2026-03-26 21:25:18,25000.0,25000.0,0.0,0.0
2026-03-26 21:25:40,25000.0,25000.0,0.0,0.0
2026-03-26 21:25:59,25000.0,25000.0,0.0,0.0
2026-03-26 21:26:21,25000.0,25000.0,0.0,0.0
2026-03-26 21:26:41,25000.0,25000.0,0.0,0.0
2026-03-26 21:27:00,25000.0,25000.0,0.0,0.0
2026-03-26 21:27:21,25000.0,25000.0,0.0,0.0
2026-03-26 21:27:42,25000.0,25000.0,0.0,0.0
2026-03-26 21:28:01,25000.0,25000.0,0.0,0.0
2026-03-26 21:28:21,25000.0,25000.0,0.0,0.0
2026-03-26 21:28:44,25000.0,25000.0,0.0,0.0
2026-03-26 21:29:04,25000.0,25000.0,0.0,0.0
2026-03-26 21:29:24,25000.0,25000.0,0.0,0.0
2026-03-26 21:29:44,25000.0,25000.0,0.0,0.0
2026-03-26 21:30:06,25000.0,25000.0,0.0,0.0
2026-03-26 21:30:25,25000.0,25000.0,0.0,0.0
2026-03-26 21:30:47,25000.0,25000.0,0.0,0.0
2026-03-26 21:31:06,25000.0,25000.0,0.0,0.0
2026-03-26 21:31:25,25000.0,25000.0,0.0,0.0
2026-03-26 21:31:47,25000.0,25000.0,0.0,0.0
2026-03-26 21:32:06,25000.0,25000.0,0.0,0.0
2026-03-26 21:32:28,25000.0,25000.0,0.0,0.0
2026-03-26 21:32:47,25000.0,25000.0,0.0,0.0
2026-03-26 21:33:07,25000.0,25000.0,0.0,0.0
2026-03-26 21:33:29,25000.0,25000.0,0.0,0.0
2026-03-26 21:33:48,25000.0,25000.0,0.0,0.0
2026-03-26 21:34:10,25000.0,25000.0,0.0,0.0
2026-03-26 21:34:29,25000.0,25000.0,0.0,0.0
2026-03-26 21:34:50,25000.0,25000.0,0.0,0.0
2026-03-26 21:35:12,25000.0,25000.0,0.0,0.0
2026-03-26 21:35:31,25000.0,25000.0,0.0,0.0
2026-03-26 21:35:52,25000.0,25000.0,0.0,0.0
2026-03-26 21:36:11,25000.0,25000.0,0.0,0.0
2026-03-26 21:36:32,25000.0,25000.0,0.0,0.0
2026-03-26 21:36:54,25000.0,25000.0,0.0,0.0
2026-03-26 21:37:14,25000.0,25000.0,0.0,0.0
2026-03-26 21:37:33,25000.0,25000.0,0.0,0.0
2026-03-26 21:37:55,25000.0,25000.0,0.0,0.0
2026-03-26 21:38:13,25000.0,25000.0,0.0,0.0
2026-03-26 21:38:34,25000.0,25000.0,0.0,0.0
2026-03-26 21:38:57,25000.0,25000.0,0.0,0.0
2026-03-26 21:39:15,25000.0,25000.0,0.0,0.0
2026-03-26 21:39:37,25000.0,25000.0,0.0,0.0
2026-03-26 21:39:56,25000.0,25000.0,0.0,0.0
2026-03-26 21:40:17,25000.0,25000.0,0.0,0.0
2026-03-26 21:40:37,25000.0,25000.0,0.0,0.0
2026-03-26 21:40:55,25000.0,25000.0,0.0,0.0
2026-03-26 21:41:17,25000.0,25000.0,0.0,0.0
2026-03-26 21:41:36,25000.0,25000.0,0.0,0.0
2026-03-26 21:41:57,25000.0,25000.0,0.0,0.0
2026-03-26 21:42:19,25000.0,25000.0,0.0,0.0
2026-03-26 21:42:37,25000.0,25000.0,0.0,0.0
2026-03-26 21:42:59,25000.0,25000.0,0.0,0.0
2026-03-26 21:43:18,25000.0,25000.0,0.0,0.0
2026-03-26 21:43:40,25000.0,25000.0,0.0,0.0
2026-03-26 21:43:59,25000.0,25000.0,0.0,0.0
2026-03-26 21:44:20,25000.0,25000.0,0.0,0.0
2026-03-26 21:44:39,25000.0,25000.0,0.0,0.0
2026-03-26 21:45:01,25000.0,25000.0,0.0,0.0
2026-03-26 21:45:21,25000.0,25000.0,0.0,0.0
2026-03-26 21:45:42,25000.0,25000.0,0.0,0.0
2026-03-26 21:46:01,25000.0,25000.0,0.0,0.0
2026-03-26 21:46:22,25000.0,25000.0,0.0,0.0
2026-03-26 21:46:42,25000.0,25000.0,0.0,0.0
2026-03-26 21:47:05,25000.0,25000.0,0.0,0.0
2026-03-26 21:47:23,25000.0,25000.0,0.0,0.0
2026-03-26 21:47:45,25000.0,25000.0,0.0,0.0
2026-03-26 21:48:05,25000.0,25000.0,0.0,0.0
2026-03-26 21:48:24,25000.0,25000.0,0.0,0.0
2026-03-26 21:48:47,25000.0,25000.0,0.0,0.0
2026-03-26 21:49:05,25000.0,25000.0,0.0,0.0
2026-03-26 21:49:27,25000.0,25000.0,0.0,0.0
2026-03-26 21:49:48,25000.0,25000.0,0.0,0.0
2026-03-26 21:50:06,25000.0,25000.0,0.0,0.0
2026-03-26 21:50:29,25000.0,25000.0,0.0,0.0
2026-03-26 21:50:47,25000.0,25000.0,0.0,0.0
2026-03-26 21:51:08,25000.0,25000.0,0.0,0.0
2026-03-26 21:51:27,25000.0,25000.0,0.0,0.0
2026-03-26 21:51:49,25000.0,25000.0,0.0,0.0
2026-03-26 21:52:08,25000.0,25000.0,0.0,0.0
2026-03-26 21:52:30,25000.0,25000.0,0.0,0.0
2026-03-26 21:52:52,25000.0,25000.0,0.0,0.0
2026-03-26 21:53:10,25000.0,25000.0,0.0,0.0
2026-03-26 21:53:32,25000.0,25000.0,0.0,0.0
2026-03-26 21:53:52,25000.0,25000.0,0.0,0.0
2026-03-26 21:54:11,25000.0,25000.0,0.0,0.0
2026-03-26 21:54:32,25000.0,25000.0,0.0,0.0
2026-03-26 21:54:54,25000.0,25000.0,0.0,0.0
2026-03-26 21:55:13,25000.0,25000.0,0.0,0.0
2026-03-26 21:55:34,25000.0,25000.0,0.0,0.0
2026-03-26 21:55:53,25000.0,25000.0,0.0,0.0
2026-03-26 21:56:14,25000.0,25000.0,0.0,0.0
2026-03-26 21:56:36,25000.0,25000.0,0.0,0.0
2026-03-26 21:56:54,25000.0,25000.0,0.0,0.0
2026-03-26 21:57:16,25000.0,25000.0,0.0,0.0
2026-03-26 21:57:35,25000.0,25000.0,0.0,0.0
2026-03-26 21:57:56,25000.0,25000.0,0.0,0.0
2026-03-26 21:58:17,25000.0,25000.0,0.0,0.0
2026-03-26 21:58:38,25000.0,25000.0,0.0,0.0
2026-03-26 21:58:59,25000.0,25000.0,0.0,0.0
2026-03-26 21:59:16,25000.0,25000.0,0.0,0.0
2026-03-26 21:59:38,25000.0,25000.0,0.0,0.0
2026-03-26 21:59:58,25000.0,25000.0,0.0,0.0
2026-03-26 22:00:20,25000.0,25000.0,0.0,0.0
2026-03-26 22:00:39,25000.0,25000.0,0.0,0.0
2026-03-26 22:00:59,25000.0,25000.0,0.0,0.0
2026-03-26 22:01:19,25000.0,25000.0,0.0,0.0
2026-03-26 22:01:41,25000.0,25000.0,0.0,0.0
2026-03-26 22:02:00,25000.0,25000.0,0.0,0.0
2026-03-26 22:02:23,25000.0,25000.0,0.0,0.0
2026-03-26 22:02:42,25000.0,25000.0,0.0,0.0
2026-03-26 22:03:01,25000.0,25000.0,0.0,0.0
2026-03-26 22:03:24,25000.0,25000.0,0.0,0.0
2026-03-26 22:03:44,25000.0,25000.0,0.0,0.0
2026-03-26 22:04:03,25000.0,25000.0,0.0,0.0
2026-03-26 22:04:25,25000.0,25000.0,0.0,0.0
2026-03-26 22:04:43,25000.0,25000.0,0.0,0.0
2026-03-26 22:05:06,25000.0,25000.0,0.0,0.0
2026-03-26 22:05:25,25000.0,25000.0,0.0,0.0
2026-03-26 22:05:44,25000.0,25000.0,0.0,0.0
2026-03-26 22:06:06,25000.0,25000.0,0.0,0.0
2026-03-26 22:06:25,25000.0,25000.0,0.0,0.0
2026-03-26 22:06:47,25000.0,25000.0,0.0,0.0
2026-03-26 22:07:07,25000.0,25000.0,0.0,0.0
2026-03-26 22:07:28,25000.0,25000.0,0.0,0.0
2026-03-26 22:07:47,25000.0,25000.0,0.0,0.0
2026-03-26 22:08:09,25000.0,25000.0,0.0,0.0
2026-03-26 22:08:28,25000.0,25000.0,0.0,0.0
2026-03-26 22:08:48,25000.0,25000.0,0.0,0.0
2026-03-26 22:09:08,25000.0,25000.0,0.0,0.0
2026-03-26 22:09:29,25000.0,25000.0,0.0,0.0
2026-03-26 22:09:49,25000.0,25000.0,0.0,0.0
2026-03-26 22:10:10,25000.0,25000.0,0.0,0.0
2026-03-26 22:10:31,25000.0,25000.0,0.0,0.0
2026-03-26 22:10:50,25000.0,25000.0,0.0,0.0
2026-03-26 22:11:10,25000.0,25000.0,0.0,0.0
2026-03-26 22:11:32,25000.0,25000.0,0.0,0.0
2026-03-26 22:11:53,25000.0,25000.0,0.0,0.0
2026-03-26 22:12:13,25000.0,25000.0,0.0,0.0
2026-03-26 22:12:33,25000.0,25000.0,0.0,0.0
2026-03-26 22:12:53,25000.0,25000.0,0.0,0.0
2026-03-26 22:13:14,25000.0,25000.0,0.0,0.0
2026-03-26 22:13:36,25000.0,25000.0,0.0,0.0
2026-03-26 22:13:54,25000.0,25000.0,0.0,0.0
2026-03-26 22:14:16,25000.0,25000.0,0.0,0.0
2026-03-26 22:14:35,25000.0,25000.0,0.0,0.0
2026-03-26 22:14:55,25000.0,25000.0,0.0,0.0
2026-03-26 22:15:16,25000.0,25000.0,0.0,0.0
2026-03-26 22:15:37,25000.0,25000.0,0.0,0.0
2026-03-26 22:15:58,25000.0,25000.0,0.0,0.0
2026-03-26 22:16:19,25000.0,25000.0,0.0,0.0
2026-03-26 22:16:38,25000.0,25000.0,0.0,0.0
2026-03-26 22:16:58,25000.0,25000.0,0.0,0.0
2026-03-26 22:17:20,25000.0,25000.0,0.0,0.0
2026-03-26 22:17:40,25000.0,25000.0,0.0,0.0
2026-03-26 22:18:01,25000.0,25000.0,0.0,0.0
2026-03-26 22:18:20,25000.0,25000.0,0.0,0.0
2026-03-26 22:18:40,25000.0,25000.0,0.0,0.0
2026-03-26 22:19:00,25000.0,25000.0,0.0,0.0
2026-03-26 22:19:22,25000.0,25000.0,0.0,0.0
2026-03-26 22:19:41,25000.0,25000.0,0.0,0.0
2026-03-26 22:20:03,25000.0,25000.0,0.0,0.0
2026-03-26 22:20:21,25000.0,25000.0,0.0,0.0
2026-03-26 22:20:43,25000.0,25000.0,0.0,0.0
2026-03-26 22:21:05,25000.0,25000.0,0.0,0.0
2026-03-26 22:21:24,25000.0,25000.0,0.0,0.0
2026-03-26 22:21:45,25000.0,25000.0,0.0,0.0
2026-03-26 22:22:04,25000.0,25000.0,0.0,0.0
2026-03-26 22:22:25,25000.0,25000.0,0.0,0.0
2026-03-26 22:22:45,25000.0,25000.0,0.0,0.0
2026-03-26 22:23:04,25000.0,25000.0,0.0,0.0
2026-03-26 22:23:27,25000.0,25000.0,0.0,0.0
2026-03-26 22:23:46,25000.0,25000.0,0.0,0.0
2026-03-26 22:24:07,25000.0,25000.0,0.0,0.0
2026-03-26 22:24:29,25000.0,25000.0,0.0,0.0
2026-03-26 22:24:46,25000.0,25000.0,0.0,0.0
2026-03-26 22:25:07,25000.0,25000.0,0.0,0.0
2026-03-26 22:25:29,25000.0,25000.0,0.0,0.0
2026-03-26 22:25:48,25000.0,25000.0,0.0,0.0
2026-03-26 22:26:11,25000.0,25000.0,0.0,0.0
2026-03-26 22:26:29,25000.0,25000.0,0.0,0.0
2026-03-26 22:26:51,25000.0,25000.0,0.0,0.0
2026-03-26 22:27:11,25000.0,25000.0,0.0,0.0
2026-03-26 22:27:30,25000.0,25000.0,0.0,0.0
2026-03-26 22:27:52,25000.0,25000.0,0.0,0.0
2026-03-26 22:28:12,25000.0,25000.0,0.0,0.0
2026-03-26 22:28:31,25000.0,25000.0,0.0,0.0
2026-03-26 22:28:54,25000.0,25000.0,0.0,0.0
2026-03-26 22:29:13,25000.0,25000.0,0.0,0.0
2026-03-26 22:29:34,25000.0,25000.0,0.0,0.0
2026-03-26 22:29:54,25000.0,25000.0,0.0,0.0
2026-03-26 22:30:16,25000.0,25000.0,0.0,0.0
2026-03-26 22:30:33,25000.0,25000.0,0.0,0.0
2026-03-26 22:30:55,25000.0,25000.0,0.0,0.0
2026-03-26 22:31:16,25000.0,25000.0,0.0,0.0
2026-03-26 22:31:37,25000.0,25000.0,0.0,0.0
2026-03-26 22:31:56,25000.0,25000.0,0.0,0.0
2026-03-26 22:32:16,25000.0,25000.0,0.0,0.0
2026-03-26 22:32:37,25000.0,25000.0,0.0,0.0
2026-03-26 22:32:58,25000.0,25000.0,0.0,0.0
2026-03-26 22:33:17,25000.0,25000.0,0.0,0.0
2026-03-26 22:33:40,25000.0,25000.0,0.0,0.0
2026-03-26 22:33:59,25000.0,25000.0,0.0,0.0
2026-03-26 22:34:19,25000.0,25000.0,0.0,0.0
2026-03-26 22:34:38,25000.0,25000.0,0.0,0.0
2026-03-26 22:35:00,25000.0,25000.0,0.0,0.0
2026-03-26 22:35:19,25000.0,25000.0,0.0,0.0
2026-03-26 22:35:40,25000.0,25000.0,0.0,0.0
2026-03-26 22:36:02,25000.0,25000.0,0.0,0.0
2026-03-26 22:36:22,25000.0,25000.0,0.0,0.0
2026-03-26 22:36:42,25000.0,25000.0,0.0,0.0
2026-03-26 22:37:03,25000.0,25000.0,0.0,0.0
2026-03-26 22:37:23,25000.0,25000.0,0.0,0.0
2026-03-26 22:37:42,25000.0,25000.0,0.0,0.0
2026-03-26 22:38:04,25000.0,25000.0,0.0,0.0
2026-03-26 22:38:23,25000.0,25000.0,0.0,0.0
2026-03-26 22:38:46,25000.0,25000.0,0.0,0.0
2026-03-26 22:39:03,25000.0,25000.0,0.0,0.0
2026-03-26 22:39:25,25000.0,25000.0,0.0,0.0
2026-03-26 22:39:47,25000.0,25000.0,0.0,0.0
2026-03-26 22:40:07,25000.0,25000.0,0.0,0.0
2026-03-26 22:40:26,25000.0,25000.0,0.0,0.0
2026-03-26 22:40:46,25000.0,25000.0,0.0,0.0
2026-03-26 22:41:08,25000.0,25000.0,0.0,0.0
2026-03-26 22:41:28,25000.0,25000.0,0.0,0.0
2026-03-26 22:41:47,25000.0,25000.0,0.0,0.0
2026-03-26 22:42:09,25000.0,25000.0,0.0,0.0
2026-03-26 22:42:28,25000.0,25000.0,0.0,0.0
2026-03-26 22:42:49,25000.0,25000.0,0.0,0.0
2026-03-26 22:43:11,25000.0,25000.0,0.0,0.0
2026-03-26 22:43:30,25000.0,25000.0,0.0,0.0
2026-03-26 22:43:49,25000.0,25000.0,0.0,0.0
2026-03-26 22:44:10,25000.0,25000.0,0.0,0.0
2026-03-26 22:44:32,25000.0,25000.0,0.0,0.0
2026-03-26 22:44:50,25000.0,25000.0,0.0,0.0
2026-03-26 22:45:13,25000.0,25000.0,0.0,0.0
2026-03-26 22:45:31,25000.0,25000.0,0.0,0.0
2026-03-26 22:45:54,25000.0,25000.0,0.0,0.0
2026-03-26 22:46:12,25000.0,25000.0,0.0,0.0
2026-03-26 22:46:35,25000.0,25000.0,0.0,0.0
2026-03-26 22:46:54,25000.0,25000.0,0.0,0.0
2026-03-26 22:47:16,25000.0,25000.0,0.0,0.0
2026-03-26 22:47:34,25000.0,25000.0,0.0,0.0
2026-03-26 22:47:56,25000.0,25000.0,0.0,0.0
2026-03-26 22:48:15,25000.0,25000.0,0.0,0.0
2026-03-26 22:48:37,25000.0,25000.0,0.0,0.0
2026-03-26 22:48:56,25000.0,25000.0,0.0,0.0
2026-03-26 22:49:15,25000.0,25000.0,0.0,0.0
2026-03-26 22:49:38,25000.0,25000.0,0.0,0.0
2026-03-26 22:49:57,25000.0,25000.0,0.0,0.0
2026-03-26 22:50:17,25000.0,25000.0,0.0,0.0
2026-03-26 22:50:39,25000.0,25000.0,0.0,0.0
2026-03-26 22:50:58,25000.0,25000.0,0.0,0.0
2026-03-26 22:51:20,25000.0,25000.0,0.0,0.0
2026-03-26 22:51:40,25000.0,25000.0,0.0,0.0
2026-03-26 22:52:01,25000.0,25000.0,0.0,0.0
2026-03-26 22:52:20,25000.0,25000.0,0.0,0.0
2026-03-26 22:52:40,25000.0,25000.0,0.0,0.0
2026-03-26 22:53:02,25000.0,25000.0,0.0,0.0
2026-03-26 22:53:23,25000.0,25000.0,0.0,0.0
2026-03-26 22:53:42,25000.0,25000.0,0.0,0.0
2026-03-26 22:54:02,25000.0,25000.0,0.0,0.0
2026-03-26 22:54:24,25000.0,25000.0,0.0,0.0
2026-03-26 22:54:43,25000.0,25000.0,0.0,0.0
2026-03-26 22:55:05,25000.0,25000.0,0.0,0.0
2026-03-26 22:55:23,25000.0,25000.0,0.0,0.0
2026-03-26 22:55:45,25000.0,25000.0,0.0,0.0
2026-03-26 22:56:03,25000.0,25000.0,0.0,0.0
2026-03-26 22:56:26,25000.0,25000.0,0.0,0.0
2026-03-26 22:56:44,25000.0,25000.0,0.0,0.0
2026-03-26 22:57:06,25000.0,25000.0,0.0,0.0
2026-03-26 22:57:27,25000.0,25000.0,0.0,0.0
2026-03-26 22:57:46,25000.0,25000.0,0.0,0.0
2026-03-26 22:58:07,25000.0,25000.0,0.0,0.0
2026-03-26 22:58:28,25000.0,25000.0,0.0,0.0
2026-03-26 22:58:48,25000.0,25000.0,0.0,0.0
2026-03-26 22:59:07,25000.0,25000.0,0.0,0.0
2026-03-26 22:59:29,25000.0,25000.0,0.0,0.0
2026-03-26 22:59:48,25000.0,25000.0,0.0,0.0
2026-03-26 23:00:08,25000.0,25000.0,0.0,0.0
2026-03-26 23:00:29,25000.0,25000.0,0.0,0.0
2026-03-26 23:00:50,25000.0,25000.0,0.0,0.0
2026-03-26 23:01:09,25000.0,25000.0,0.0,0.0
2026-03-26 23:01:32,25000.0,25000.0,0.0,0.0
2026-03-26 23:01:50,25000.0,25000.0,0.0,0.0
2026-03-26 23:02:12,25000.0,25000.0,0.0,0.0
2026-03-26 23:02:31,25000.0,25000.0,0.0,0.0
2026-03-26 23:02:54,25000.0,25000.0,0.0,0.0
2026-03-26 23:03:13,25000.0,25000.0,0.0,0.0
2026-03-26 23:03:35,25000.0,25000.0,0.0,0.0
2026-03-26 23:03:54,25000.0,25000.0,0.0,0.0
2026-03-26 23:04:16,25000.0,25000.0,0.0,0.0
2026-03-26 23:04:34,25000.0,25000.0,0.0,0.0
2026-03-26 23:04:55,25000.0,25000.0,0.0,0.0
2026-03-26 23:05:17,25000.0,25000.0,0.0,0.0
2026-03-26 23:05:36,25000.0,25000.0,0.0,0.0
2026-03-26 23:05:57,25000.0,25000.0,0.0,0.0
2026-03-26 23:06:16,25000.0,25000.0,0.0,0.0
2026-03-26 23:06:38,25000.0,25000.0,0.0,0.0
2026-03-26 23:06:56,25000.0,25000.0,0.0,0.0
2026-03-26 23:07:18,25000.0,25000.0,0.0,0.0
2026-03-26 23:07:40,25000.0,25000.0,0.0,0.0
2026-03-26 23:07:58,25000.0,25000.0,0.0,0.0
2026-03-26 23:08:20,25000.0,25000.0,0.0,0.0
2026-03-26 23:08:38,25000.0,25000.0,0.0,0.0
2026-03-26 23:09:00,25000.0,25000.0,0.0,0.0
2026-03-26 23:09:21,25000.0,25000.0,0.0,0.0
2026-03-26 23:09:40,25000.0,25000.0,0.0,0.0
2026-03-26 23:10:01,25000.0,25000.0,0.0,0.0
2026-03-26 23:10:23,25000.0,25000.0,0.0,0.0
2026-03-26 23:10:42,25000.0,25000.0,0.0,0.0
2026-03-26 23:11:03,25000.0,25000.0,0.0,0.0
2026-03-26 23:11:21,25000.0,25000.0,0.0,0.0
2026-03-26 23:11:43,25000.0,25000.0,0.0,0.0
2026-03-26 23:12:04,25000.0,25000.0,0.0,0.0
2026-03-26 23:12:25,25000.0,25000.0,0.0,0.0
2026-03-26 23:12:43,25000.0,25000.0,0.0,0.0
2026-03-26 23:13:05,25000.0,25000.0,0.0,0.0
2026-03-26 23:13:26,25000.0,25000.0,0.0,0.0
2026-03-26 23:13:44,25000.0,25000.0,0.0,0.0
2026-03-26 23:14:06,25000.0,25000.0,0.0,0.0
2026-03-26 23:14:27,25000.0,25000.0,0.0,0.0
2026-03-26 23:14:46,25000.0,25000.0,0.0,0.0
2026-03-26 23:15:08,25000.0,25000.0,0.0,0.0
2026-03-26 23:15:26,25000.0,25000.0,0.0,0.0
2026-03-26 23:15:48,25000.0,25000.0,0.0,0.0
2026-03-26 23:16:07,25000.0,25000.0,0.0,0.0
2026-03-26 23:16:29,25000.0,25000.0,0.0,0.0
2026-03-26 23:16:50,25000.0,25000.0,0.0,0.0
2026-03-26 23:17:08,25000.0,25000.0,0.0,0.0
2026-03-26 23:17:30,25000.0,25000.0,0.0,0.0
2026-03-26 23:17:51,25000.0,25000.0,0.0,0.0
2026-03-26 23:18:12,25000.0,25000.0,0.0,0.0
2026-03-26 23:18:30,25000.0,25000.0,0.0,0.0
2026-03-26 23:18:51,25000.0,25000.0,0.0,0.0
2026-03-26 23:19:10,25000.0,25000.0,0.0,0.0
2026-03-26 23:19:32,25000.0,25000.0,0.0,0.0
2026-03-26 23:19:51,25000.0,25000.0,0.0,0.0
2026-03-26 23:20:13,25000.0,25000.0,0.0,0.0
2026-03-26 23:20:34,25000.0,25000.0,0.0,0.0
2026-03-26 23:20:53,25000.0,25000.0,0.0,0.0
2026-03-26 23:55:57,25000.0,25000.0,0.0,0.0
2026-03-27 00:13:13,25000.0,25000.0,0.0,0.0
2026-03-27 00:13:13,25000.0,25000.0,0.0,0.0
2026-03-27 00:13:13,25000.0,25000.0,0.0,0.0
2026-03-27 00:13:13,25000.0,25000.0,0.0,0.0
2026-03-27 00:13:13,25000.0,25000.0,0.0,0.0
2026-03-27 00:13:13,25000.0,25000.0,0.0,0.0
2026-06-10 16:43:15,25000.0,25000.0,0.0,0.0
2026-06-10 16:43:15,25000.0,25000.0,0.0,0.0
2026-06-10 16:43:15,25000.0,25000.0,0.0,0.0
2026-06-10 16:43:15,25000.0,25000.0,0.0,0.0
2026-06-10 16:43:15,25000.0,25000.0,0.0,0.0
2026-06-10 16:43:15,25000.0,25000.0,0.0,0.0
2026-06-10 16:43:15,25000.0,25000.0,0.0,0.0
2026-06-10 16:43:15,25000.0,25000.0,0.0,0.0
2026-06-10 16:43:15,25000.0,25000.0,0.0,0.0
2026-06-10 16:43:15,25000.0,25000.0,0.0,0.0
2026-06-10 16:43:15,25000.0,25000.0,0.0,0.0
2026-06-10 16:43:15,25000.0,25000.0,0.0,0.0
2026-06-10 16:43:15,25000.0,25000.0,0.0,0.0
2026-06-10 16:43:15,25000.0,25000.0,0.0,0.0
2026-06-10 16:43:15,25000.0,25000.0,0.0,0.0
2026-06-10 16:43:15,25000.0,25000.0,0.0,0.0
2026-06-10 16:43:15,25000.0,25000.0,0.0,0.0
2026-06-10 16:43:15,25000.0,25000.0,0.0,0.0
2026-06-10 16:43:15,25000.0,25000.0,0.0,0.0
2026-06-10 16:43:15,25000.0,25000.0,0.0,0.0
2026-06-10 16:43:15,25000.0,25000.0,0.0,0.0
2026-06-10 16:43:15,25000.0,25000.0,0.0,0.0
2026-06-10 16:43:15,25000.0,25000.0,0.0,0.0
2026-06-10 16:43:15,25000.0,25000.0,0.0,0.0
2026-06-10 16:43:15,25000.0,25000.0,0.0,0.0
2026-06-10 16:43:15,25000.0,25000.0,0.0,0.0
2026-06-10 16:43:15,25000.0,25000.0,0.0,0.0
2026-06-10 16:43:15,25000.0,25000.0,0.0,0.0
2026-06-10 16:43:15,25000.0,25000.0,0.0,0.0
2026-06-10 16:43:15,25000.0,25000.0,0.0,0.0
2026-06-10 16:43:20,25000.0,25000.0,0.0,0.0
2026-06-10 16:43:24,25000.0,25000.0,0.0,0.0
2026-06-10 16:43:29,25000.0,25000.0,0.0,0.0
2026-06-10 16:43:46,25000.0,25000.0,0.0,0.0
2026-06-10 16:44:10,25000.0,25000.0,0.0,0.0
2026-06-10 16:44:34,25000.0,25000.0,0.0,0.0
2026-06-10 16:44:54,25000.0,25000.0,0.0,0.0
2026-06-10 16:45:18,25000.0,25000.0,0.0,0.0
2026-06-10 16:45:42,25000.0,25000.0,0.0,0.0
2026-06-10 16:46:02,25000.0,25000.0,0.0,0.0
2026-06-10 16:46:26,25000.0,25000.0,0.0,0.0
2026-06-10 16:46:47,25000.0,25000.0,0.0,0.0
2026-06-10 16:47:11,25000.0,25000.0,0.0,0.0
2026-06-10 16:47:35,25000.0,25000.0,0.0,0.0
2026-06-10 16:47:55,25000.0,25000.0,0.0,0.0
2026-06-10 16:48:18,25000.0,25000.0,0.0,0.0
2026-06-10 16:48:42,25000.0,25000.0,0.0,0.0
2026-06-10 16:49:02,25000.0,25000.0,0.0,0.0
2026-06-10 16:49:25,25000.0,25000.0,0.0,0.0
2026-06-10 16:49:49,25000.0,25000.0,0.0,0.0
2026-06-10 16:50:09,25000.0,25000.0,0.0,0.0
2026-06-10 16:50:33,25000.0,25000.0,0.0,0.0
2026-06-10 16:50:56,25000.0,25000.0,0.0,0.0
2026-06-10 16:51:19,25000.0,25000.0,0.0,0.0
2026-06-10 16:51:39,25000.0,25000.0,0.0,0.0
2026-06-10 16:52:03,25000.0,25000.0,0.0,0.0
2026-06-10 16:52:26,25000.0,25000.0,0.0,0.0
2026-06-10 16:52:49,25000.0,25000.0,0.0,0.0
2026-06-10 16:53:10,25000.0,25000.0,0.0,0.0
2026-06-10 16:53:33,25000.0,25000.0,0.0,0.0
2026-06-10 16:53:57,25000.0,25000.0,0.0,0.0
2026-06-10 16:54:17,25000.0,25000.0,0.0,0.0
2026-06-10 16:54:40,25000.0,25000.0,0.0,0.0
2026-06-10 16:55:04,25000.0,25000.0,0.0,0.0
2026-06-10 16:55:27,25000.0,25000.0,0.0,0.0
2026-06-10 16:55:47,25000.0,25000.0,0.0,0.0
2026-06-10 16:56:11,25000.0,25000.0,0.0,0.0
2026-06-10 16:56:32,25000.0,25000.0,0.0,0.0
2026-06-10 16:56:56,25000.0,25000.0,0.0,0.0
2026-06-10 16:57:19,25000.0,25000.0,0.0,0.0
2026-06-10 16:57:39,25000.0,25000.0,0.0,0.0
2026-06-10 16:58:03,25000.0,25000.0,0.0,0.0
2026-06-10 16:58:26,25000.0,25000.0,0.0,0.0
2026-06-10 16:58:47,25000.0,25000.0,0.0,0.0
2026-06-10 16:59:10,25000.0,25000.0,0.0,0.0
2026-06-10 16:59:33,25000.0,25000.0,0.0,0.0
2026-06-10 16:59:57,25000.0,25000.0,0.0,0.0
2026-06-10 17:00:18,25000.0,25000.0,0.0,0.0
2026-06-10 17:00:41,25000.0,25000.0,0.0,0.0
2026-06-10 17:01:02,25000.0,25000.0,0.0,0.0
2026-06-10 17:01:25,25000.0,25000.0,0.0,0.0
2026-06-10 17:01:48,25000.0,25000.0,0.0,0.0
2026-06-10 17:02:12,25000.0,25000.0,0.0,0.0
2026-06-10 17:02:32,25000.0,25000.0,0.0,0.0
2026-06-10 17:02:55,25000.0,25000.0,0.0,0.0
2026-06-10 17:03:18,25000.0,25000.0,0.0,0.0
2026-06-10 17:03:39,25000.0,25000.0,0.0,0.0
2026-06-10 17:04:02,25000.0,25000.0,0.0,0.0
2026-06-10 17:04:26,25000.0,25000.0,0.0,0.0
2026-07-02 14:05:58,10000.0,10000.0,0.0,0.0
2026-07-02 14:06:02,10000.0,10000.0,0.0,0.0
2026-07-02 14:07:01,10000.0,10000.0,0.0,0.0
2026-07-02 14:07:22,10000.0,10000.0,0.0,0.0
2026-07-02 14:08:01,10000.0,10000.0,0.0,0.0
2026-07-02 14:08:01,10000.0,10000.0,0.0,0.0
2026-07-02 14:09:00,10000.0,10000.0,0.0,0.0
2026-07-02 14:09:01,10000.0,10000.0,0.0,0.0
2026-07-02 14:10:01,10000.0,10000.0,0.0,0.0
2026-07-02 14:10:01,10000.0,10000.0,0.0,0.0
2026-07-02 14:11:01,10000.0,10000.0,0.0,0.0
2026-07-02 14:11:01,10000.0,10000.0,0.0,0.0
2026-07-02 14:12:01,10000.0,10000.0,0.0,0.0
2026-07-02 14:12:01,10000.0,10000.0,0.0,0.0
2026-07-02 14:13:01,10000.0,10000.0,0.0,0.0
2026-07-02 14:13:01,10000.0,10000.0,0.0,0.0
2026-07-02 14:14:01,10000.0,10000.0,0.0,0.0
2026-07-02 14:14:01,10000.0,10000.0,0.0,0.0
2026-07-02 14:15:00,10000.0,10000.0,0.0,0.0
2026-07-02 14:15:00,10000.0,10000.0,0.0,0.0
2026-07-02 14:16:01,10000.0,10000.0,0.0,0.0
2026-07-02 14:16:01,10000.0,10000.0,0.0,0.0
2026-07-02 14:17:01,10000.0,10000.0,0.0,0.0
2026-07-02 14:17:01,10000.0,10000.0,0.0,0.0
2026-07-02 14:18:01,10000.0,10000.0,0.0,0.0
2026-07-02 14:18:01,10000.0,10000.0,0.0,0.0
2026-07-02 14:19:01,10000.0,10000.0,0.0,0.0
2026-07-02 14:19:01,10000.0,10000.0,0.0,0.0
2026-07-02 14:20:01,10000.0,10000.0,0.0,0.0
2026-07-02 14:20:01,10000.0,10000.0,0.0,0.0
2026-07-02 14:21:01,10000.0,10000.0,0.0,0.0
2026-07-02 14:21:01,10000.0,10000.0,0.0,0.0
2026-07-02 14:22:01,10000.0,10000.0,0.0,0.0
2026-07-02 14:22:01,10000.0,10000.0,0.0,0.0
2026-07-02 14:23:00,10000.0,10000.0,0.0,0.0
2026-07-02 14:23:00,10000.0,10000.0,0.0,0.0
2026-07-02 14:24:01,10000.0,10000.0,0.0,0.0
2026-07-02 14:24:01,10000.0,10000.0,0.0,0.0
2026-07-02 14:25:01,10000.0,10000.0,0.0,0.0
2026-07-02 14:25:01,10000.0,10000.0,0.0,0.0
2026-07-02 14:26:00,10000.0,10000.0,0.0,0.0
2026-07-02 14:26:00,10000.0,10000.0,0.0,0.0
2026-07-02 14:27:01,10000.0,10000.0,0.0,0.0
2026-07-02 14:27:01,10000.0,10000.0,0.0,0.0
2026-07-02 14:28:00,10000.0,10000.0,0.0,0.0
2026-07-02 14:28:00,10000.0,10000.0,0.0,0.0
2026-07-02 14:29:01,10000.0,10000.0,0.0,0.0
2026-07-02 14:29:01,10000.0,10000.0,0.0,0.0
2026-07-02 14:30:01,10000.0,10000.0,0.0,0.0
2026-07-02 14:30:01,10000.0,10000.0,0.0,0.0
2026-07-02 14:31:01,10000.0,10000.0,0.0,0.0
2026-07-02 14:31:01,10000.0,10000.0,0.0,0.0
2026-07-02 14:32:01,10000.0,10000.0,0.0,0.0
2026-07-02 14:32:01,10000.0,10000.0,0.0,0.0
2026-07-02 14:33:00,10000.0,10000.0,0.0,0.0
2026-07-02 14:33:00,10000.0,10000.0,0.0,0.0
2026-07-02 14:34:02,10000.0,10000.0,0.0,0.0
2026-07-02 14:34:02,10000.0,10000.0,0.0,0.0
2026-07-02 14:35:01,10000.0,10000.0,0.0,0.0
2026-07-02 14:35:01,10000.0,10000.0,0.0,0.0
2026-07-02 14:36:00,10000.0,10000.0,0.0,0.0
2026-07-02 14:36:00,10000.0,10000.0,0.0,0.0
2026-07-02 14:37:01,10000.0,10000.0,0.0,0.0
2026-07-02 14:37:01,10000.0,10000.0,0.0,0.0
2026-07-02 14:38:00,10000.0,10000.0,0.0,0.0
2026-07-02 14:38:01,10000.0,10000.0,0.0,0.0
2026-07-02 14:39:00,10000.0,10000.0,0.0,0.0
2026-07-02 14:39:01,10000.0,10000.0,0.0,0.0
2026-07-02 14:40:01,10000.0,10000.0,0.0,0.0
2026-07-02 14:40:01,10000.0,10000.0,0.0,0.0
2026-07-02 14:41:01,10000.0,10000.0,0.0,0.0
2026-07-02 14:41:01,10000.0,10000.0,0.0,0.0
2026-07-02 14:42:00,10000.0,10000.0,0.0,0.0
2026-07-02 14:42:00,10000.0,10000.0,0.0,0.0
2026-07-02 14:43:01,10000.0,10000.0,0.0,0.0
2026-07-02 14:43:01,10000.0,10000.0,0.0,0.0
2026-07-02 14:44:00,10000.0,10000.0,0.0,0.0
2026-07-02 14:44:00,10000.0,10000.0,0.0,0.0
2026-07-02 14:45:02,10000.0,10000.0,0.0,0.0
2026-07-02 14:45:02,10000.0,10000.0,0.0,0.0
2026-07-02 14:46:01,10000.0,10000.0,0.0,0.0
2026-07-02 14:46:01,10000.0,10000.0,0.0,0.0
2026-07-02 14:47:00,10000.0,10000.0,0.0,0.0
2026-07-02 14:47:00,10000.0,10000.0,0.0,0.0
2026-07-02 14:48:01,10000.0,10000.0,0.0,0.0
2026-07-02 14:48:01,10000.0,10000.0,0.0,0.0
2026-07-02 14:49:01,10000.0,10000.0,0.0,0.0
2026-07-02 14:49:01,10000.0,10000.0,0.0,0.0
2026-07-02 14:50:01,10000.0,10000.0,0.0,0.0
2026-07-02 14:50:01,10000.0,10000.0,0.0,0.0
2026-07-02 14:51:00,10000.0,10000.0,0.0,0.0
2026-07-02 14:51:01,10000.0,10000.0,0.0,0.0
2026-07-02 14:52:00,10000.0,10000.0,0.0,0.0
2026-07-02 14:52:01,10000.0,10000.0,0.0,0.0
2026-07-02 14:53:00,10000.0,10000.0,0.0,0.0
2026-07-02 14:53:01,10000.0,10000.0,0.0,0.0
2026-07-02 14:54:00,10000.0,10000.0,0.0,0.0
2026-07-02 14:54:01,10000.0,10000.0,0.0,0.0
2026-07-02 14:55:01,10000.0,10000.0,0.0,0.0
2026-07-02 14:55:01,10000.0,10000.0,0.0,0.0
2026-07-02 14:56:00,10000.0,10000.0,0.0,0.0
2026-07-02 14:56:01,10000.0,10000.0,0.0,0.0
2026-07-02 14:57:00,10000.0,10000.0,0.0,0.0
2026-07-02 14:57:01,10000.0,10000.0,0.0,0.0
2026-07-02 14:58:00,10000.0,10000.0,0.0,0.0
2026-07-02 14:58:01,10000.0,10000.0,0.0,0.0
2026-07-02 14:59:01,10000.0,10000.0,0.0,0.0
2026-07-02 14:59:01,10000.0,10000.0,0.0,0.0
2026-07-02 15:00:00,10000.0,10000.0,0.0,0.0
2026-07-02 15:00:01,10000.0,10000.0,0.0,0.0
2026-07-02 15:01:01,10000.0,10000.0,0.0,0.0
2026-07-02 15:01:02,10000.0,10000.0,0.0,0.0
2026-07-02 15:02:01,10000.0,10000.0,0.0,0.0
2026-07-02 15:02:01,10000.0,10000.0,0.0,0.0
2026-07-02 15:03:01,10000.0,10000.0,0.0,0.0
2026-07-02 15:03:01,10000.0,10000.0,0.0,0.0
2026-07-02 15:04:01,10000.0,10000.0,0.0,0.0
2026-07-02 15:04:01,10000.0,10000.0,0.0,0.0
2026-07-02 15:05:01,10000.0,10000.0,0.0,0.0
2026-07-02 15:05:01,10000.0,10000.0,0.0,0.0
2026-07-02 15:06:00,10000.0,10000.0,0.0,0.0
2026-07-02 15:06:00,10000.0,10000.0,0.0,0.0
2026-07-02 15:07:01,10000.0,10000.0,0.0,0.0
2026-07-02 15:07:01,10000.0,10000.0,0.0,0.0
2026-07-02 15:08:00,10000.0,10000.0,0.0,0.0
2026-07-02 15:08:01,10000.0,10000.0,0.0,0.0
2026-07-02 15:09:00,10000.0,10000.0,0.0,0.0
2026-07-02 15:09:01,10000.0,10000.0,0.0,0.0
2026-07-02 15:10:01,10000.0,10000.0,0.0,0.0
2026-07-02 15:10:01,10000.0,10000.0,0.0,0.0
2026-07-02 15:11:01,10000.0,10000.0,0.0,0.0
2026-07-02 15:11:01,10000.0,10000.0,0.0,0.0
2026-07-02 15:12:00,10000.0,10000.0,0.0,0.0
2026-07-02 15:12:01,10000.0,10000.0,0.0,0.0
2026-07-02 15:13:01,10000.0,10000.0,0.0,0.0
2026-07-02 15:13:02,10000.0,10000.0,0.0,0.0
2026-07-02 15:14:00,10000.0,10000.0,0.0,0.0
2026-07-02 15:14:01,10000.0,10000.0,0.0,0.0
2026-07-02 15:15:01,10000.0,10000.0,0.0,0.0
2026-07-02 15:15:01,10000.0,10000.0,0.0,0.0
2026-07-02 15:16:01,10000.0,10000.0,0.0,0.0
2026-07-02 15:16:01,10000.0,10000.0,0.0,0.0
2026-07-02 15:17:01,10000.0,10000.0,0.0,0.0
2026-07-02 15:17:01,10000.0,10000.0,0.0,0.0
2026-07-02 15:18:01,10000.0,10000.0,0.0,0.0
2026-07-02 15:18:01,10000.0,10000.0,0.0,0.0
2026-07-02 15:19:01,10000.0,10000.0,0.0,0.0
2026-07-02 15:19:01,10000.0,10000.0,0.0,0.0
2026-07-02 15:20:01,10000.0,10000.0,0.0,0.0
2026-07-02 15:20:01,10000.0,10000.0,0.0,0.0
2026-07-02 15:21:01,10000.0,10000.0,0.0,0.0
2026-07-02 15:21:01,10000.0,10000.0,0.0,0.0
2026-07-02 15:22:00,10000.0,10000.0,0.0,0.0
2026-07-02 15:22:00,10000.0,10000.0,0.0,0.0
2026-07-02 15:23:01,10000.0,10000.0,0.0,0.0
2026-07-02 15:23:01,10000.0,10000.0,0.0,0.0
2026-07-02 15:24:01,10000.0,10000.0,0.0,0.0
2026-07-02 15:24:01,10000.0,10000.0,0.0,0.0
2026-07-02 15:25:01,10000.0,10000.0,0.0,0.0
2026-07-02 15:25:01,10000.0,10000.0,0.0,0.0
2026-07-02 15:26:01,10000.0,10000.0,0.0,0.0
2026-07-02 15:26:01,10000.0,10000.0,0.0,0.0
2026-07-02 15:27:00,10000.0,10000.0,0.0,0.0
2026-07-02 15:27:00,10000.0,10000.0,0.0,0.0
2026-07-02 15:28:01,10000.0,10000.0,0.0,0.0
2026-07-02 15:28:01,10000.0,10000.0,0.0,0.0
2026-07-02 15:29:00,10000.0,10000.0,0.0,0.0
2026-07-02 15:29:00,10000.0,10000.0,0.0,0.0
2026-07-02 15:30:02,10000.0,10000.0,0.0,0.0
2026-07-02 15:30:02,10000.0,10000.0,0.0,0.0
2026-07-02 15:31:01,10000.0,10000.0,0.0,0.0
2026-07-02 15:31:01,10000.0,10000.0,0.0,0.0
2026-07-02 15:32:01,10000.0,10000.0,0.0,0.0
2026-07-02 15:32:01,10000.0,10000.0,0.0,0.0
2026-07-02 15:33:01,10000.0,10000.0,0.0,0.0
2026-07-02 15:33:01,10000.0,10000.0,0.0,0.0
2026-07-02 15:34:00,10000.0,10000.0,0.0,0.0
2026-07-02 15:34:01,10000.0,10000.0,0.0,0.0
2026-07-02 15:35:00,10000.0,10000.0,0.0,0.0
2026-07-02 15:35:02,10000.0,10000.0,0.0,0.0
2026-07-02 15:36:01,10000.0,10000.0,0.0,0.0
2026-07-02 15:36:01,10000.0,10000.0,0.0,0.0
2026-07-02 15:37:00,10000.0,10000.0,0.0,0.0
2026-07-02 15:37:01,10000.0,10000.0,0.0,0.0
2026-07-02 15:38:00,10000.0,10000.0,0.0,0.0
2026-07-02 15:38:01,10000.0,10000.0,0.0,0.0
2026-07-02 15:39:01,10000.0,10000.0,0.0,0.0
2026-07-02 15:39:01,10000.0,10000.0,0.0,0.0
2026-07-02 15:40:00,10000.0,10000.0,0.0,0.0
2026-07-02 15:40:01,10000.0,10000.0,0.0,0.0
2026-07-02 15:41:00,10000.0,10000.0,0.0,0.0
2026-07-02 15:41:01,10000.0,10000.0,0.0,0.0
2026-07-02 15:42:00,10000.0,10000.0,0.0,0.0
2026-07-02 15:42:01,10000.0,10000.0,0.0,0.0
2026-07-02 15:43:00,10000.0,10000.0,0.0,0.0
2026-07-02 15:43:01,10000.0,10000.0,0.0,0.0
2026-07-02 15:44:00,10000.0,10000.0,0.0,0.0
2026-07-02 15:44:01,10000.0,10000.0,0.0,0.0
2026-07-02 15:45:01,10000.0,10000.0,0.0,0.0
2026-07-02 15:45:01,10000.0,10000.0,0.0,0.0
2026-07-02 15:46:01,10000.0,10000.0,0.0,0.0
2026-07-02 15:46:02,10000.0,10000.0,0.0,0.0
2026-07-02 15:47:00,10000.0,10000.0,0.0,0.0
2026-07-02 15:47:01,10000.0,10000.0,0.0,0.0
2026-07-02 15:48:01,10000.0,10000.0,0.0,0.0
2026-07-02 15:48:01,10000.0,10000.0,0.0,0.0
2026-07-02 15:49:00,10000.0,10000.0,0.0,0.0
2026-07-02 15:49:00,10000.0,10000.0,0.0,0.0
2026-07-02 15:50:01,10000.0,10000.0,0.0,0.0
2026-07-02 15:50:01,10000.0,10000.0,0.0,0.0
2026-07-02 15:51:00,10000.0,10000.0,0.0,0.0
2026-07-02 15:51:01,10000.0,10000.0,0.0,0.0
2026-07-02 15:52:00,10000.0,10000.0,0.0,0.0
2026-07-02 15:52:01,10000.0,10000.0,0.0,0.0
2026-07-02 15:53:00,10000.0,10000.0,0.0,0.0
2026-07-02 15:53:01,10000.0,10000.0,0.0,0.0
2026-07-02 15:54:01,10000.0,10000.0,0.0,0.0
2026-07-02 15:54:01,10000.0,10000.0,0.0,0.0
